<?xml version="1.0" encoding="UTF-8"?>
<preferences xmlns="http://www.demandware.com/xml/impex/preferences/2007-03-31">
    <standard-preferences>
        <all-instances>
            <preference preference-id="ActiveLocales">de:it_IT:fr_CA:en:it:fr:fr_FR:ja_JP:es:zh:de_DE:default:en_GB:en_CA:en_US:ja:zh_CN:nl</preference>
            <preference preference-id="CustomCartridges">bm_custom_plugin</preference>
            <preference preference-id="CustomProductListColumns">custom.color:custom.refinementColor</preference>
            <preference preference-id="InstanceTimezone">US/Eastern</preference>
            <preference preference-id="SystemUseNotificationEnabled">false</preference>
            <preference preference-id="SystemUseNotificationMandatory">false</preference>
        </all-instances>
        <development/>
        <staging/>
        <production/>
    </standard-preferences>
    <custom-preferences>
        <all-instances/>
        <development/>
        <staging/>
        <production/>
    </custom-preferences>
</preferences>

