<?xml version="1.0" encoding="UTF-8"?>
<site xmlns="http://www.demandware.com/xml/impex/site/2007-04-30" site-id="SiteGenesis">
    <name>SiteGenesis</name>
    <currency>USD</currency>
    <taxation>net</taxation>
    <custom-cartridges>sitegenesis_storefront_controllers:sitegenesis_storefront_core</custom-cartridges>
    <storefront-status>online</storefront-status>
    <home-page-meta-tag-rules>
        <page-meta-tag-rule rule-id="Homepage Title"/>
        <page-meta-tag-rule rule-id="Homepage Robots"/>
        <page-meta-tag-rule rule-id="Homepage Open Graph URL"/>
    </home-page-meta-tag-rules>
</site>

