
Demandware Customer Active Data
customerNo,visitsWeek,visitsMonth,orderValueMonth,productsViewedMonth,productsAbandonedMonth,visitsYear,orders,orderValue,discountValueWithoutCoupon,discountValueWithCoupon,giftUnits,avgOrderValue,sourceCodeOrders,topCategoriesOrdered,productsOrdered,giftOrders
S00000003,1,2,48.95,,,19,8,712.96,64.13,61.74,0,89.12,1,,,0
S00000001,4,15,245.66,,,72,39,939.51,73.34,110.88,19,24.09,0,,,16
S00000002,3,7,95.27,,,33,22,1019.92,84.52,32.6,0,46.36,0,,,0
S00000005,2,3,16.92,,,22,19,380.57,32.87,9.03,0,20.03,4,,,0
S00000004,2,3,99.3,,,25,17,2512.94,94.14,265.83,0,147.82,0,,,0
